Title,Description,TX Time (ms),P00,P01,P10,P11
Model 1,This is a new Markov model generated by the AI algorithm.,0.67,0.67,0.33,0.12,0.88
Model 2,This is a new Markov model generated by the AI algorithm.,0.67,0.67,0.33,0.12,0.88
Model 3,This is a new Markov model generated by the AI algorithm.,0.67,0.67,0.33,0.12,0.88
Model 4,This is a new Markov model generated by the AI algorithm.,0.67,0.67,0.33,0.12,0.88
Model 5,This is a new Markov model generated by the AI algorithm.,0.67,0.67,0.33,0.12,0.88
Model 6,This is a new Markov model generated by the AI algorithm.,0.67,0.67,0.33,0.12,0.88
Model 7,This is a new Markov model generated by the AI algorithm.,0.67,0.67,0.33,0.12,0.88
Model 8,This is a new Markov model generated by the AI algorithm.,0.67,0.67,0.33,0.12,0.88
Model 9,This is a new Markov model generated by the AI algorithm.,0.67,0.67,0.33,0.12,0.88
Model 10,This is a new Markov model generated by the AI algorithm.,0.67,0.67,0.33,0.12,0.88
