Title,Description,TX Time (ms),P00,P01,P10,P11
"Urban, 2km, DR0","Urban settings at 2km distance, operating at DR0",1500,0.904,0.096,0.533,0.467
"Urban, 2km, DR1","Urban settings at 2km distance, operating at DR1",760,0.976,0.024,0.688,0.312
"Urban, 2km, DR2","Urban settings at 2km distance, operating at DR2",380,0.999,0.001,1.000,0.000
"Urban, 2km, DR3","Urban settings at 2km distance, operating at DR3",190,0.998,0.002,1.000,0.000
"Urban, 2km, DR4","Urban settings at 2km distance, operating at DR4",95,1.000,0.000,0.000,0.000
"Urban, 2km, DR5","Urban settings at 2km distance, operating at DR5",60,1.000,0.000,0.000,0.000
"Urban, 2km, DR6","Urban settings at 2km distance, operating at DR6",36,1.000,0.000,0.000,0.000
"Urban, 650m, DR0","Urban settings at 650m distance, operating at DR0",1500,0.000,1.000,0.010,0.990
"Urban, 650m, DR1","Urban settings at 650m distance, operating at DR1",760,0.001,0.001,0.000,1.000
"Urban, 650m, DR2","Urban settings at 650m distance, operating at DR2",380,0.220,0.780,0.032,0.968
"Urban, 650m, DR2, 60% DR2 interf.","Urban settings at 650m distance, operating at DR2 with DR2 interference at 60% rate",380,0.367,0.633,0.264,0.736
"Urban, 650m, DR3","Urban settings at 650m distance, operating at DR3",190,0.361,0.639,0.390,0.610
"Urban, 650m, DR4","Urban settings at 650m distance, operating at DR4",95,0.997,0.003,1.000,0.000
"Urban, 650m, DR5","Urban settings at 650m distance, operating at DR5",60,1.000,0.000,0.000,0.000
"Urban, 650m, DR6","Urban settings at 650m distance, operating at DR6",36,1.000,0.000,0.000,0.000
